index,delay_from_previous_ms,absolute_source_timestamp_ms,dlc,data_hex
0,0,6209857,8,"80 12 33 FD 99 01 00 03"
1,810,6210667,8,"A0 12 43 DA 99 01 00 FF"
2,51,6210718,8,"C0 FF 00 65 00 00 00 00"
3,755,6211473,8,"43 FE 14 00 02 03 80 00"
4,247,6211720,8,"43 FE 98 01 00 03 80 00"
5,710,6212430,8,"43 D5 95 01 00 FF FF 00"
6,400,6212830,8,"43 D5 90 01 00 FF FF 00"
7,48,6212878,8,"43 FE 90 01 00 03 80 00"
8,2939,6215817,8,"80 08 33 C3 38 07 EF FD"
9,991,6216808,3,"33 C4 0A"
10,2940,6219748,8,"D1 10 00 00 00 14 00 00"
11,2030,6221778,8,"C0 FF 00 66 00 00 00 00"
12,64,6221842,8,"E0 FF 00 66 00 00 00 00"
13,92,6221934,8,"E1 9B 01 00 00 14 00 00"
14,2525,6224459,5,"33 D2 00 96 00"
15,2430,6226889,6,"43 F9 44 02 00 01"
16,2984,6229873,8,"90 12 33 D8 99 01 00 FF"
17,105,6229978,8,"D1 10 00 00 00 14 00 00"
18,1128,6231106,8,"90 12 43 D8 99 01 00 FF"
19,515,6231621,8,"43 D5 00 00 00 FF FF 00"
20,47,6231668,8,"43 FE 00 00 00 03 80 00"
21,2789,6234457,8,"C0 FF 00 66 00 00 00 00"
22,943,6235400,8,"A0 12 33 DA 99 01 00 FF"
23,1023,6236423,6,"33 DB 00 00 06 00"
24,987,6237410,4,"33 DC 45 00"
25,2153,6239563,6,"43 F9 62 02 00 01"
26,1889,6241452,8,"43 D5 94 01 00 FF FF 00"
27,1444,6242896,8,"43 FE C0 00 00 03 80 00"
28,600,6243496,8,"43 FE 90 01 00 03 80 00"
29,1994,6245490,8,"C0 80 00 99 01 00 03 80"
30,2997,6248487,5,"C0 80 00 00 67"
31,2442,6250929,8,"43 D5 97 01 00 FF FF 00"
32,49,6250978,8,"43 FE 97 01 00 03 80 00"
33,552,6251530,8,"43 FE 96 01 00 03 80 00"
34,69,6251599,8,"90 12 43 D8 99 01 00 FF"
35,893,6252492,8,"43 D5 E4 00 00 FF FF 00"
36,388,6252880,8,"43 D5 5D 01 00 FF FF 00"
37,48,6252928,8,"43 FE 5D 01 00 03 80 00"
38,2969,6255897,6,"43 F9 80 02 00 01"
39,1044,6256941,4,"C0 80 01 16"
40,6055,6262996,8,"33 D6 A0 00 00 FF FF 00"
41,999,6263995,7,"33 D7 40 93 09 00 00"
42,1006,6265001,8,"90 12 33 D8 99 01 00 FF"
43,49,6265050,8,"D0 FF 00 07 00 00 00 00"
44,591,6265641,8,"43 D5 90 01 00 FF FF 00"
45,50,6265691,8,"43 FE 90 01 00 03 80 00"
46,982,6266673,8,"C0 FF 00 67 00 00 00 00"
47,1804,6268477,8,"E0 FF 00 67 00 00 00 00"
48,1363,6269840,6,"43 F9 8A 02 00 01"
49,809,6270649,8,"80 12 43 D9 99 01 00 FF"
50,51,6270700,8,"A0 12 43 DA 99 01 00 FF"
51,51,6270751,8,"C0 FF 00 67 00 00 00 00"
52,48,6270799,8,"E0 FF 00 67 00 00 00 00"
53,498,6271297,8,"43 FE 96 01 00 03 80 00"
54,101,6271398,8,"43 FE 0A 00 02 03 80 00"
55,2852,6274250,8,"43 D5 0A 00 02 FF FF 00"
